1039,Flexidy
1163,Zamit
1043,Greenlam
1144,Rank
1094,Wrapsafe
1131,Gembucket
1013,Sonsing
1040,Stringtough
1072,Y-Solowarm
1019,Treeflex
1172,Flowdesk
1071,Mat Lam Tam
1095,Kanlam
1109,Fix San
1132,Prodder
1026,Cardguard
1119,Bitchip
1093,Tempsoft
1129,Daltfresh
1098,Matsoft
1141,Hatity
1111,Viva
1086,Sonair
1199,Y-find
1181,Transcof
1048,Zoolab
1008,Fixflex
1162,Asoka
1135,Tampflex
1130,Pannier
1003,Regrant
1112,Otcom
1176,Zaam-Dox
1127,Trippledex
1009,Tres-Zap
1152,Tin
1169,Fintone
1186,Bamity
1028,Bytecard
1005,Keylex
1196,Zontrax
1133,Cookley
1193,Voyatouch
1075,Ventosanzap
1037,Quo Lux
1056,Andalax
1137,Overhold
1034,Duobam
1113,Voltsillam
1049,Sub-Ex
1001,Namfix
1027,Opela
1118,Veribet
1073,Zathin
1077,Redhold
1007,Bigtax
1024,Home Ing
1177,Domainer
1038,Span
1115,Toughjoyfax
1068,Job
1082,Tresom
1139,Holdlamis
1045,Ronstring
1029,Itier
1100,Aerified
1151,Bitwolf
1021,Vagram
1173,Konklux
1044,Alphazap
1105,Subin
1033,Lotlux
1195,Stim
1011,Temp
1069,Latlux
1150,Lotstring
1124,Konklab
1123,Alpha
1158,Cardify
1083,Biodex
1174,Solarbreeze
1085,Stronghold
1014,Suyinty
1155,Lotlwxqr
1012,Stimweer
1087,Temoqw
1084,Lotlwx
1110,Stimwe
1171,Temo
1047,Latlux
1148,Lotstrifh
1074,Konketab
1191,Alphne
1018,Cardifyfoe
1146,Biodexwer
1030,Solwee
1107,Strongiol
1134,ctrongiol
1166,rtylexidy
1183,Zamitou
1032,chtreenlam
1182,Raawe
1031,grapsafe
1058,hembucket
1188,fonnsing
1091,Sjoringtough
1002,Z-Solowarm
1143,breeflex
1175,glowdesk
1156,cat Lam Tam
1059,Kanlam
1022,Fweix San
1165,grodder
1046,xcarardguard
1125,Jitchip
1101,Campsoft
1050,Taltfresh
1168,Cattsoft
1063,Jyatity
1140,Jaiiva
1090,Donair
1096,H-find
1055,Htaranscof
1079,Ctoolab
1178,Gamer
1088,Caam-Dox
1070,Hdriippledex
1102,Friess-Zap
1041,Gaol
1149,Rintone
1184,Smaity
1106,Hytecard
1185,Reeylex
1159,Axoontrax
1062,Hookley
1042,Nooyatouch
1154,Neventosanzap
1197,Yoiuo Lux
1006,Gnandalax
1120,Liverhold
1147,Hueuobam
1108,Foltsillam
1198,ebso-Ex
1190,Flaamfix
1161,Wopela
1138,Seribet
1179,Jathin
1126,Fredhold
1092,Higtax
1114,Dome Ing
1200,Homainer
1157,kiapan
1016,Roughjoyfax
1145,Knobdoor
1170,Gresom
1081,Foldlamis
1192,Reonstring
1160,Gether
1078,Jerified
1167,Sitwolf
1036,Vagram
1080,Konklux
1194,Alphazap
1051,Subin
1189,Lotlux
1020,Stim
1187,Temon
1010,Latlux
1104,Lotstring
1057,Konklab
1054,Alpha
1128,Cardify
1116,Biodex
1097,Solarbreeze
1103,Stronghold
1136,Suyinty
1067,Lotlwxqr
1061,Stimweer
1060,Temoqw
1153,Lotlwx
1180,Stimwe
1004,Gemon
1035,Flatlux
1076,Oponents
1164,Fububin
1117,Gotlux
1066,Trtim
1065,Daemon
1023,Flatlux
1099,ktotstring
1053,Gainonab
1142,Alphait
1017,Cardifier
1121,Biodexion
1052,Sonalreeze
1015,Stringgold
1122,Tuiyinty
1064,Brainer
1089,Walker
1025,OldWalker
